user_id,date,daily_stake,anomaly_type,is_anomaly
1,2024-01-01,0.0,normal,0
1,2024-01-02,0.0,unusual_zero,1
1,2024-01-03,0.0,normal,0
1,2024-01-04,0.0,normal,0
1,2024-01-05,0.0,normal,0
1,2024-01-06,0.0,normal,0
1,2024-01-07,0.24,tiny_amount,1
1,2024-01-08,0.0,normal,0
1,2024-01-09,0.36,tiny_amount,1
1,2024-01-10,0.0,normal,0
1,2024-01-11,0.66,tiny_amount,1
1,2024-01-12,0.0,normal,0
1,2024-01-13,0.0,normal,0
1,2024-01-14,81.78,normal,0
1,2024-01-15,0.0,normal,0
1,2024-01-16,0.0,normal,0
1,2024-01-17,0.0,normal,0
1,2024-01-18,0.0,normal,0
1,2024-01-19,0.0,normal,0
1,2024-01-20,93.63,normal,0
1,2024-01-21,0.0,normal,0
1,2024-01-22,0.0,normal,0
1,2024-01-23,23.02,normal,0
1,2024-01-24,0.0,normal,0
1,2024-01-25,10.64,normal,0
1,2024-01-26,1.41,tiny_amount,1
1,2024-01-27,0.0,normal,0
1,2024-01-28,0.0,normal,0
1,2024-01-29,0.0,normal,0
1,2024-01-30,0.0,normal,0
2,2024-01-01,36.57,normal,0
2,2024-01-02,35.07,normal,0
2,2024-01-03,0.0,normal,0
2,2024-01-04,0.0,normal,0
2,2024-01-05,13.73,normal,0
2,2024-01-06,17.84,normal,0
2,2024-01-07,0.0,normal,0
2,2024-01-08,0.0,normal,0
2,2024-01-09,56.93,normal,0
2,2024-01-10,0.0,normal,0
2,2024-01-11,0.0,normal,0
2,2024-01-12,0.0,normal,0
2,2024-01-13,0.0,normal,0
2,2024-01-14,0.0,normal,0
2,2024-01-15,0.0,normal,0
2,2024-01-16,0.0,normal,0
2,2024-01-17,0.0,normal,0
2,2024-01-18,15.03,normal,0
2,2024-01-19,0.0,normal,0
2,2024-01-20,0.0,normal,0
2,2024-01-21,0.0,normal,0
2,2024-01-22,19.1,normal,0
2,2024-01-23,0.0,normal,0
2,2024-01-24,0.0,normal,0
2,2024-01-25,0.0,normal,0
2,2024-01-26,0.0,normal,0
2,2024-01-27,493.47,normal,0
2,2024-01-28,6.56,normal,0
2,2024-01-29,14.45,normal,0
2,2024-01-30,131.23,normal,0
3,2024-01-01,6.06,normal,0
3,2024-01-02,0.0,normal,0
3,2024-01-03,15.25,normal,0
3,2024-01-04,0.0,normal,0
3,2024-01-05,24.21,normal,0
3,2024-01-06,5.71,normal,0
3,2024-01-07,79.52,normal,0
3,2024-01-08,0.0,normal,0
3,2024-01-09,0.0,normal,0
3,2024-01-10,0.0,normal,0
3,2024-01-11,0.0,normal,0
3,2024-01-12,0.0,normal,0
3,2024-01-13,71.82,normal,0
3,2024-01-14,0.0,normal,0
3,2024-01-15,0.0,normal,0
3,2024-01-16,0.0,normal,0
3,2024-01-17,7.65,normal,0
3,2024-01-18,0.0,normal,0
3,2024-01-19,7.23,normal,0
3,2024-01-20,0.0,normal,0
3,2024-01-21,0.0,normal,0
3,2024-01-22,0.0,normal,0
3,2024-01-23,0.0,normal,0
3,2024-01-24,19.02,normal,0
3,2024-01-25,0.0,normal,0
3,2024-01-26,50.71,normal,0
3,2024-01-27,0.0,normal,0
3,2024-01-28,0.0,normal,0
3,2024-01-29,14.92,normal,0
3,2024-01-30,42.85,normal,0
4,2024-01-01,0.0,normal,0
4,2024-01-02,0.0,normal,0
4,2024-01-03,17.85,normal,0
4,2024-01-04,8.35,normal,0
4,2024-01-05,0.0,normal,0
4,2024-01-06,0.0,normal,0
4,2024-01-07,64.94,normal,0
4,2024-01-08,0.0,normal,0
4,2024-01-09,7.9,normal,0
4,2024-01-10,23.54,normal,0
4,2024-01-11,0.0,normal,0
4,2024-01-12,0.0,normal,0
4,2024-01-13,28.08,normal,0
4,2024-01-14,96.71,normal,0
4,2024-01-15,0.0,normal,0
4,2024-01-16,50.12,normal,0
4,2024-01-17,0.0,normal,0
4,2024-01-18,0.0,normal,0
4,2024-01-19,0.0,normal,0
4,2024-01-20,0.0,normal,0
4,2024-01-21,80.07,normal,0
4,2024-01-22,0.0,normal,0
4,2024-01-23,0.0,normal,0
4,2024-01-24,0.0,normal,0
4,2024-01-25,0.0,normal,0
4,2024-01-26,0.0,normal,0
4,2024-01-27,0.0,normal,0
4,2024-01-28,0.0,normal,0
4,2024-01-29,6.95,normal,0
4,2024-01-30,0.0,normal,0
5,2024-01-01,0.0,normal,0
5,2024-01-02,0.0,normal,0
5,2024-01-03,0.0,normal,0
5,2024-01-04,0.0,normal,0
5,2024-01-05,0.0,normal,0
5,2024-01-06,87.66,normal,0
5,2024-01-07,78.11,normal,0
5,2024-01-08,0.0,normal,0
5,2024-01-09,18.13,normal,0
5,2024-01-10,24.34,normal,0
5,2024-01-11,44.0,normal,0
5,2024-01-12,0.0,normal,0
5,2024-01-13,94.2,normal,0
5,2024-01-14,0.0,normal,0
5,2024-01-15,0.0,normal,0
5,2024-01-16,49.26,normal,0
5,2024-01-17,0.0,normal,0
5,2024-01-18,0.0,normal,0
5,2024-01-19,11.65,normal,0
5,2024-01-20,0.0,normal,0
5,2024-01-21,13.81,normal,0
5,2024-01-22,0.0,normal,0
5,2024-01-23,38.38,normal,0
5,2024-01-24,0.0,normal,0
5,2024-01-25,0.0,normal,0
5,2024-01-26,17.87,normal,0
5,2024-01-27,32.75,normal,0
5,2024-01-28,0.0,normal,0
5,2024-01-29,0.0,normal,0
5,2024-01-30,0.0,normal,0
6,2024-01-01,17.81,normal,0
6,2024-01-02,44.98,normal,0
6,2024-01-03,329.86,normal,0
6,2024-01-04,0.0,normal,0
6,2024-01-05,13.72,normal,0
6,2024-01-06,83.9,normal,0
6,2024-01-07,0.0,normal,0
6,2024-01-08,0.0,normal,0
6,2024-01-09,61.15,normal,0
6,2024-01-10,0.0,normal,0
6,2024-01-11,18.64,normal,0
6,2024-01-12,0.0,normal,0
6,2024-01-13,0.0,normal,0
6,2024-01-14,15.69,normal,0
6,2024-01-15,14.19,normal,0
6,2024-01-16,38.25,normal,0
6,2024-01-17,0.0,normal,0
6,2024-01-18,0.0,normal,0
6,2024-01-19,0.0,normal,0
6,2024-01-20,0.0,normal,0
6,2024-01-21,51.94,normal,0
6,2024-01-22,0.0,normal,0
6,2024-01-23,0.0,normal,0
6,2024-01-24,8.86,normal,0
6,2024-01-25,14.78,normal,0
6,2024-01-26,0.0,normal,0
6,2024-01-27,0.0,normal,0
6,2024-01-28,0.0,normal,0
6,2024-01-29,0.0,normal,0
6,2024-01-30,24.92,normal,0
7,2024-01-01,2622.03,spike,1
7,2024-01-02,0.0,normal,0
7,2024-01-03,65.24,normal,0
7,2024-01-04,0.0,normal,0
7,2024-01-05,0.0,unusual_zero,1
7,2024-01-06,0.0,normal,0
7,2024-01-07,0.0,normal,0
7,2024-01-08,0.0,normal,0
7,2024-01-09,4618.65,spike,1
7,2024-01-10,0.0,normal,0
7,2024-01-11,21.35,normal,0
7,2024-01-12,0.0,unusual_zero,1
7,2024-01-13,0.0,unusual_zero,1
7,2024-01-14,371.36,normal,0
7,2024-01-15,7.75,normal,0
7,2024-01-16,69.48,normal,0
7,2024-01-17,0.0,normal,0
7,2024-01-18,0.34,tiny_amount,1
7,2024-01-19,0.0,normal,0
7,2024-01-20,0.0,normal,0
7,2024-01-21,1.56,tiny_amount,1
7,2024-01-22,0.17,tiny_amount,1
7,2024-01-23,3826.96,spike,1
7,2024-01-24,0.0,normal,0
7,2024-01-25,7.54,normal,0
7,2024-01-26,513.85,high_frequency,1
7,2024-01-27,27.82,normal,0
7,2024-01-28,0.0,normal,0
7,2024-01-29,0.0,normal,0
7,2024-01-30,0.0,normal,0
8,2024-01-01,0.0,normal,0
8,2024-01-02,0.0,normal,0
8,2024-01-03,9.39,normal,0
8,2024-01-04,0.0,normal,0
8,2024-01-05,0.0,normal,0
8,2024-01-06,0.0,normal,0
8,2024-01-07,0.0,normal,0
8,2024-01-08,0.0,normal,0
8,2024-01-09,371.04,high_frequency,1
8,2024-01-10,0.0,normal,0
8,2024-01-11,19.81,normal,0
8,2024-01-12,0.0,normal,0
8,2024-01-13,0.0,normal,0
8,2024-01-14,0.0,unusual_zero,1
8,2024-01-15,0.0,normal,0
8,2024-01-16,0.0,normal,0
8,2024-01-17,0.0,normal,0
8,2024-01-18,0.0,normal,0
8,2024-01-19,1.74,tiny_amount,1
8,2024-01-20,0.0,normal,0
8,2024-01-21,0.0,normal,0
8,2024-01-22,0.0,normal,0
8,2024-01-23,0.0,normal,0
8,2024-01-24,0.0,normal,0
8,2024-01-25,0.0,normal,0
8,2024-01-26,0.0,normal,0
8,2024-01-27,2122.42,spike,1
8,2024-01-28,0.92,tiny_amount,1
8,2024-01-29,0.0,normal,0
8,2024-01-30,0.0,normal,0
9,2024-01-01,0.0,normal,0
9,2024-01-02,0.0,normal,0
9,2024-01-03,0.0,normal,0
9,2024-01-04,31.49,normal,0
9,2024-01-05,24.91,normal,0
9,2024-01-06,0.0,normal,0
9,2024-01-07,19.6,normal,0
9,2024-01-08,11.55,normal,0
9,2024-01-09,0.0,normal,0
9,2024-01-10,7.98,normal,0
9,2024-01-11,0.0,normal,0
9,2024-01-12,0.0,normal,0
9,2024-01-13,14.41,normal,0
9,2024-01-14,15.62,normal,0
9,2024-01-15,0.0,normal,0
9,2024-01-16,58.93,normal,0
9,2024-01-17,0.0,normal,0
9,2024-01-18,0.0,normal,0
9,2024-01-19,0.0,normal,0
9,2024-01-20,153.08,normal,0
9,2024-01-21,0.0,normal,0
9,2024-01-22,0.0,normal,0
9,2024-01-23,0.0,normal,0
9,2024-01-24,0.0,normal,0
9,2024-01-25,0.0,normal,0
9,2024-01-26,81.05,normal,0
9,2024-01-27,0.0,normal,0
9,2024-01-28,0.0,normal,0
9,2024-01-29,55.4,normal,0
9,2024-01-30,14.29,normal,0
10,2024-01-01,22.87,normal,0
10,2024-01-02,0.0,normal,0
10,2024-01-03,0.0,normal,0
10,2024-01-04,0.0,normal,0
10,2024-01-05,0.0,normal,0
10,2024-01-06,20.89,normal,0
10,2024-01-07,22.62,normal,0
10,2024-01-08,23.91,normal,0
10,2024-01-09,0.0,normal,0
10,2024-01-10,12.31,normal,0
10,2024-01-11,0.0,normal,0
10,2024-01-12,0.0,normal,0
10,2024-01-13,0.0,normal,0
10,2024-01-14,0.0,normal,0
10,2024-01-15,0.0,normal,0
10,2024-01-16,24.63,normal,0
10,2024-01-17,0.0,normal,0
10,2024-01-18,0.0,normal,0
10,2024-01-19,0.0,normal,0
10,2024-01-20,24.18,normal,0
10,2024-01-21,0.0,normal,0
10,2024-01-22,12.05,normal,0
10,2024-01-23,0.0,normal,0
10,2024-01-24,0.0,normal,0
10,2024-01-25,0.0,normal,0
10,2024-01-26,0.0,normal,0
10,2024-01-27,0.0,normal,0
10,2024-01-28,0.0,normal,0
10,2024-01-29,0.0,normal,0
10,2024-01-30,0.0,normal,0
11,2024-01-01,0.0,normal,0
11,2024-01-02,0.0,normal,0
11,2024-01-03,0.0,normal,0
11,2024-01-04,0.0,normal,0
11,2024-01-05,423.52,normal,0
11,2024-01-06,22.84,normal,0
11,2024-01-07,0.0,normal,0
11,2024-01-08,0.0,normal,0
11,2024-01-09,24.13,normal,0
11,2024-01-10,0.0,normal,0
11,2024-01-11,0.0,normal,0
11,2024-01-12,0.0,normal,0
11,2024-01-13,0.0,normal,0
11,2024-01-14,17.55,normal,0
11,2024-01-15,0.0,normal,0
11,2024-01-16,7.64,normal,0
11,2024-01-17,0.0,normal,0
11,2024-01-18,0.0,normal,0
11,2024-01-19,0.0,normal,0
11,2024-01-20,0.0,normal,0
11,2024-01-21,0.0,normal,0
11,2024-01-22,23.95,normal,0
11,2024-01-23,0.0,normal,0
11,2024-01-24,0.0,normal,0
11,2024-01-25,0.0,normal,0
11,2024-01-26,0.0,normal,0
11,2024-01-27,0.0,normal,0
11,2024-01-28,0.0,normal,0
11,2024-01-29,0.0,normal,0
11,2024-01-30,11.08,normal,0
12,2024-01-01,0.0,normal,0
12,2024-01-02,0.0,normal,0
12,2024-01-03,12.06,normal,0
12,2024-01-04,0.0,normal,0
12,2024-01-05,24.46,normal,0
12,2024-01-06,0.0,normal,0
12,2024-01-07,0.0,normal,0
12,2024-01-08,0.0,normal,0
12,2024-01-09,0.0,normal,0
12,2024-01-10,0.0,normal,0
12,2024-01-11,0.0,normal,0
12,2024-01-12,0.0,normal,0
12,2024-01-13,0.0,normal,0
12,2024-01-14,0.0,normal,0
12,2024-01-15,0.0,normal,0
12,2024-01-16,0.0,normal,0
12,2024-01-17,0.0,normal,0
12,2024-01-18,588.35,high_frequency,1
12,2024-01-19,401.66,normal,0
12,2024-01-20,0.0,normal,0
12,2024-01-21,235.47,normal,0
12,2024-01-22,1.8,tiny_amount,1
12,2024-01-23,2232.33,spike,1
12,2024-01-24,6.85,normal,0
12,2024-01-25,0.0,unusual_zero,1
12,2024-01-26,0.0,normal,0
12,2024-01-27,0.0,normal,0
12,2024-01-28,1.36,tiny_amount,1
12,2024-01-29,14.81,normal,0
12,2024-01-30,0.0,normal,0
13,2024-01-01,0.0,normal,0
13,2024-01-02,0.0,normal,0
13,2024-01-03,0.0,normal,0
13,2024-01-04,0.0,normal,0
13,2024-01-05,0.0,normal,0
13,2024-01-06,56.17,normal,0
13,2024-01-07,0.0,normal,0
13,2024-01-08,56.06,normal,0
13,2024-01-09,0.0,normal,0
13,2024-01-10,484.77,high_frequency,1
13,2024-01-11,24.2,normal,0
13,2024-01-12,0.0,normal,0
13,2024-01-13,16.12,normal,0
13,2024-01-14,8.72,normal,0
13,2024-01-15,0.0,normal,0
13,2024-01-16,700.75,high_frequency,1
13,2024-01-17,0.0,normal,0
13,2024-01-18,0.0,normal,0
13,2024-01-19,380.1,high_frequency,1
13,2024-01-20,0.0,normal,0
13,2024-01-21,450.29,high_frequency,1
13,2024-01-22,0.0,normal,0
13,2024-01-23,0.0,normal,0
13,2024-01-24,19.91,normal,0
13,2024-01-25,0.0,normal,0
13,2024-01-26,0.0,normal,0
13,2024-01-27,0.0,normal,0
13,2024-01-28,4381.12,spike,1
13,2024-01-29,0.0,normal,0
13,2024-01-30,8.27,normal,0
14,2024-01-01,10.8,normal,0
14,2024-01-02,20.33,normal,0
14,2024-01-03,0.0,normal,0
14,2024-01-04,0.0,normal,0
14,2024-01-05,47.58,normal,0
14,2024-01-06,0.0,normal,0
14,2024-01-07,693.99,high_frequency,1
14,2024-01-08,423.81,high_frequency,1
14,2024-01-09,0.0,normal,0
14,2024-01-10,0.0,normal,0
14,2024-01-11,0.0,normal,0
14,2024-01-12,87.36,normal,0
14,2024-01-13,0.0,normal,0
14,2024-01-14,14.21,normal,0
14,2024-01-15,0.0,unusual_zero,1
14,2024-01-16,0.0,normal,0
14,2024-01-17,0.0,normal,0
14,2024-01-18,20.27,normal,0
14,2024-01-19,21.29,normal,0
14,2024-01-20,9.53,normal,0
14,2024-01-21,0.0,unusual_zero,1
14,2024-01-22,0.0,normal,0
14,2024-01-23,0.0,normal,0
14,2024-01-24,1.52,tiny_amount,1
14,2024-01-25,1131.17,spike,1
14,2024-01-26,0.0,normal,0
14,2024-01-27,11.03,normal,0
14,2024-01-28,4129.48,spike,1
14,2024-01-29,0.0,normal,0
14,2024-01-30,0.0,normal,0
15,2024-01-01,0.0,normal,0
15,2024-01-02,479.52,normal,0
15,2024-01-03,0.0,normal,0
15,2024-01-04,0.0,normal,0
15,2024-01-05,0.0,normal,0
15,2024-01-06,16.4,normal,0
15,2024-01-07,0.0,normal,0
15,2024-01-08,0.0,normal,0
15,2024-01-09,0.0,normal,0
15,2024-01-10,0.0,normal,0
15,2024-01-11,0.0,normal,0
15,2024-01-12,0.0,normal,0
15,2024-01-13,24.47,normal,0
15,2024-01-14,0.0,normal,0
15,2024-01-15,0.0,normal,0
15,2024-01-16,0.0,normal,0
15,2024-01-17,16.79,normal,0
15,2024-01-18,0.0,normal,0
15,2024-01-19,12.1,normal,0
15,2024-01-20,0.0,normal,0
15,2024-01-21,0.0,normal,0
15,2024-01-22,0.0,normal,0
15,2024-01-23,0.0,normal,0
15,2024-01-24,7.21,normal,0
15,2024-01-25,0.0,normal,0
15,2024-01-26,66.78,normal,0
15,2024-01-27,0.0,normal,0
15,2024-01-28,0.0,normal,0
15,2024-01-29,0.0,normal,0
15,2024-01-30,0.0,normal,0
16,2024-01-01,0.0,normal,0
16,2024-01-02,16.08,normal,0
16,2024-01-03,0.0,normal,0
16,2024-01-04,6.39,normal,0
16,2024-01-05,18.58,normal,0
16,2024-01-06,0.0,normal,0
16,2024-01-07,7.1,normal,0
16,2024-01-08,0.0,normal,0
16,2024-01-09,0.0,normal,0
16,2024-01-10,0.0,normal,0
16,2024-01-11,0.0,normal,0
16,2024-01-12,0.0,normal,0
16,2024-01-13,0.0,normal,0
16,2024-01-14,0.0,normal,0
16,2024-01-15,125.88,normal,0
16,2024-01-16,16.9,normal,0
16,2024-01-17,21.76,normal,0
16,2024-01-18,19.27,normal,0
16,2024-01-19,0.0,normal,0
16,2024-01-20,0.0,normal,0
16,2024-01-21,55.02,normal,0
16,2024-01-22,0.0,normal,0
16,2024-01-23,0.0,normal,0
16,2024-01-24,0.0,normal,0
16,2024-01-25,0.0,normal,0
16,2024-01-26,0.0,normal,0
16,2024-01-27,10.01,normal,0
16,2024-01-28,0.0,normal,0
16,2024-01-29,0.0,normal,0
16,2024-01-30,0.0,normal,0
17,2024-01-01,2992.54,spike,1
17,2024-01-02,0.0,unusual_zero,1
17,2024-01-03,0.0,normal,0
17,2024-01-04,0.0,normal,0
17,2024-01-05,3644.32,spike,1
17,2024-01-06,0.0,normal,0
17,2024-01-07,0.0,normal,0
17,2024-01-08,0.0,normal,0
17,2024-01-09,5.35,normal,0
17,2024-01-10,33.94,normal,0
17,2024-01-11,5.72,normal,0
17,2024-01-12,0.0,normal,0
17,2024-01-13,13.61,normal,0
17,2024-01-14,0.0,normal,0
17,2024-01-15,0.0,normal,0
17,2024-01-16,0.0,normal,0
17,2024-01-17,0.0,normal,0
17,2024-01-18,0.0,normal,0
17,2024-01-19,496.81,high_frequency,1
17,2024-01-20,0.0,normal,0
17,2024-01-21,5.56,normal,0
17,2024-01-22,409.33,high_frequency,1
17,2024-01-23,0.0,normal,0
17,2024-01-24,0.0,normal,0
17,2024-01-25,795.17,high_frequency,1
17,2024-01-26,0.0,normal,0
17,2024-01-27,0.0,normal,0
17,2024-01-28,0.0,normal,0
17,2024-01-29,8.4,normal,0
17,2024-01-30,0.0,normal,0
18,2024-01-01,0.0,normal,0
18,2024-01-02,0.0,normal,0
18,2024-01-03,0.0,normal,0
18,2024-01-04,0.0,normal,0
18,2024-01-05,0.0,normal,0
18,2024-01-06,0.0,normal,0
18,2024-01-07,0.0,normal,0
18,2024-01-08,0.0,normal,0
18,2024-01-09,0.0,normal,0
18,2024-01-10,0.0,normal,0
18,2024-01-11,0.0,normal,0
18,2024-01-12,0.0,normal,0
18,2024-01-13,0.0,normal,0
18,2024-01-14,0.0,normal,0
18,2024-01-15,37.5,normal,0
18,2024-01-16,0.0,normal,0
18,2024-01-17,17.71,normal,0
18,2024-01-18,22.01,normal,0
18,2024-01-19,0.0,normal,0
18,2024-01-20,0.0,normal,0
18,2024-01-21,0.0,normal,0
18,2024-01-22,0.0,normal,0
18,2024-01-23,96.85,normal,0
18,2024-01-24,16.84,normal,0
18,2024-01-25,0.0,normal,0
18,2024-01-26,0.0,normal,0
18,2024-01-27,0.0,normal,0
18,2024-01-28,0.0,normal,0
18,2024-01-29,0.0,normal,0
18,2024-01-30,0.0,normal,0
19,2024-01-01,0.0,normal,0
19,2024-01-02,0.0,normal,0
19,2024-01-03,0.0,normal,0
19,2024-01-04,0.0,normal,0
19,2024-01-05,0.0,normal,0
19,2024-01-06,0.0,normal,0
19,2024-01-07,0.0,normal,0
19,2024-01-08,0.0,normal,0
19,2024-01-09,0.0,normal,0
19,2024-01-10,63.72,normal,0
19,2024-01-11,0.0,normal,0
19,2024-01-12,0.0,normal,0
19,2024-01-13,0.0,normal,0
19,2024-01-14,207.17,normal,0
19,2024-01-15,0.0,normal,0
19,2024-01-16,93.01,normal,0
19,2024-01-17,29.49,normal,0
19,2024-01-18,0.0,normal,0
19,2024-01-19,0.0,normal,0
19,2024-01-20,0.0,normal,0
19,2024-01-21,88.31,normal,0
19,2024-01-22,0.0,normal,0
19,2024-01-23,353.57,normal,0
19,2024-01-24,10.74,normal,0
19,2024-01-25,0.0,normal,0
19,2024-01-26,0.0,normal,0
19,2024-01-27,0.0,normal,0
19,2024-01-28,0.0,normal,0
19,2024-01-29,0.0,normal,0
19,2024-01-30,0.0,normal,0
20,2024-01-01,0.0,normal,0
20,2024-01-02,0.0,normal,0
20,2024-01-03,23.11,normal,0
20,2024-01-04,0.0,normal,0
20,2024-01-05,0.0,normal,0
20,2024-01-06,0.0,normal,0
20,2024-01-07,16.01,normal,0
20,2024-01-08,0.0,normal,0
20,2024-01-09,0.0,normal,0
20,2024-01-10,29.15,normal,0
20,2024-01-11,10.96,normal,0
20,2024-01-12,0.0,normal,0
20,2024-01-13,75.38,normal,0
20,2024-01-14,21.8,normal,0
20,2024-01-15,16.42,normal,0
20,2024-01-16,0.0,normal,0
20,2024-01-17,0.0,normal,0
20,2024-01-18,0.0,normal,0
20,2024-01-19,0.0,normal,0
20,2024-01-20,14.93,normal,0
20,2024-01-21,0.0,normal,0
20,2024-01-22,0.0,normal,0
20,2024-01-23,21.65,normal,0
20,2024-01-24,80.8,normal,0
20,2024-01-25,7.14,normal,0
20,2024-01-26,0.0,normal,0
20,2024-01-27,0.0,normal,0
20,2024-01-28,0.0,normal,0
20,2024-01-29,15.67,normal,0
20,2024-01-30,0.0,normal,0
21,2024-01-01,0.0,normal,0
21,2024-01-02,0.0,normal,0
21,2024-01-03,0.0,normal,0
21,2024-01-04,0.0,normal,0
21,2024-01-05,0.0,normal,0
21,2024-01-06,0.0,normal,0
21,2024-01-07,23.35,normal,0
21,2024-01-08,0.0,normal,0
21,2024-01-09,0.0,normal,0
21,2024-01-10,65.12,normal,0
21,2024-01-11,0.0,normal,0
21,2024-01-12,1.86,tiny_amount,1
21,2024-01-13,0.0,normal,0
21,2024-01-14,22.19,normal,0
21,2024-01-15,0.0,normal,0
21,2024-01-16,84.2,normal,0
21,2024-01-17,0.0,normal,0
21,2024-01-18,0.0,normal,0
21,2024-01-19,13.45,normal,0
21,2024-01-20,0.0,normal,0
21,2024-01-21,0.0,normal,0
21,2024-01-22,1.21,tiny_amount,1
21,2024-01-23,5.55,normal,0
21,2024-01-24,0.0,unusual_zero,1
21,2024-01-25,13.01,normal,0
21,2024-01-26,0.0,normal,0
21,2024-01-27,0.0,unusual_zero,1
21,2024-01-28,73.69,normal,0
21,2024-01-29,1.59,tiny_amount,1
21,2024-01-30,0.0,normal,0
22,2024-01-01,0.0,normal,0
22,2024-01-02,0.0,normal,0
22,2024-01-03,39.9,normal,0
22,2024-01-04,0.0,normal,0
22,2024-01-05,0.0,normal,0
22,2024-01-06,453.74,normal,0
22,2024-01-07,0.0,normal,0
22,2024-01-08,358.84,normal,0
22,2024-01-09,0.0,normal,0
22,2024-01-10,179.31,normal,0
22,2024-01-11,13.02,normal,0
22,2024-01-12,0.0,normal,0
22,2024-01-13,0.0,normal,0
22,2024-01-14,0.0,normal,0
22,2024-01-15,0.0,normal,0
22,2024-01-16,19.37,normal,0
22,2024-01-17,0.0,normal,0
22,2024-01-18,18.47,normal,0
22,2024-01-19,0.0,normal,0
22,2024-01-20,22.24,normal,0
22,2024-01-21,14.88,normal,0
22,2024-01-22,0.0,normal,0
22,2024-01-23,99.64,normal,0
22,2024-01-24,0.0,normal,0
22,2024-01-25,0.0,normal,0
22,2024-01-26,0.0,normal,0
22,2024-01-27,0.0,normal,0
22,2024-01-28,0.0,normal,0
22,2024-01-29,0.0,normal,0
22,2024-01-30,0.0,normal,0
23,2024-01-01,18.69,normal,0
23,2024-01-02,0.0,normal,0
23,2024-01-03,0.0,normal,0
23,2024-01-04,0.0,normal,0
23,2024-01-05,0.0,normal,0
23,2024-01-06,0.0,normal,0
23,2024-01-07,0.0,normal,0
23,2024-01-08,80.21,normal,0
23,2024-01-09,0.0,normal,0
23,2024-01-10,0.0,normal,0
23,2024-01-11,0.0,normal,0
23,2024-01-12,0.0,normal,0
23,2024-01-13,0.0,normal,0
23,2024-01-14,475.73,normal,0
23,2024-01-15,19.96,normal,0
23,2024-01-16,0.0,normal,0
23,2024-01-17,0.0,normal,0
23,2024-01-18,0.0,normal,0
23,2024-01-19,0.0,normal,0
23,2024-01-20,0.0,normal,0
23,2024-01-21,0.0,normal,0
23,2024-01-22,16.61,normal,0
23,2024-01-23,0.0,normal,0
23,2024-01-24,0.0,normal,0
23,2024-01-25,34.89,normal,0
23,2024-01-26,0.0,normal,0
23,2024-01-27,0.0,normal,0
23,2024-01-28,0.0,normal,0
23,2024-01-29,0.0,normal,0
23,2024-01-30,0.0,normal,0
24,2024-01-01,94.47,normal,0
24,2024-01-02,82.12,normal,0
24,2024-01-03,0.0,normal,0
24,2024-01-04,0.0,normal,0
24,2024-01-05,22.06,normal,0
24,2024-01-06,7.97,normal,0
24,2024-01-07,0.0,normal,0
24,2024-01-08,24.9,normal,0
24,2024-01-09,0.0,normal,0
24,2024-01-10,14.86,normal,0
24,2024-01-11,6.87,normal,0
24,2024-01-12,0.0,normal,0
24,2024-01-13,0.0,normal,0
24,2024-01-14,16.67,normal,0
24,2024-01-15,0.0,normal,0
24,2024-01-16,0.0,normal,0
24,2024-01-17,1.36,tiny_amount,1
24,2024-01-18,0.0,normal,0
24,2024-01-19,0.0,normal,0
24,2024-01-20,0.0,normal,0
24,2024-01-21,6.62,normal,0
24,2024-01-22,0.0,normal,0
24,2024-01-23,5.12,normal,0
24,2024-01-24,0.0,normal,0
24,2024-01-25,0.0,normal,0
24,2024-01-26,327.66,normal,0
24,2024-01-27,0.0,normal,0
24,2024-01-28,0.0,normal,0
24,2024-01-29,3188.62,spike,1
24,2024-01-30,0.0,normal,0
25,2024-01-01,5.41,normal,0
25,2024-01-02,0.0,normal,0
25,2024-01-03,0.0,normal,0
25,2024-01-04,0.0,normal,0
25,2024-01-05,94.13,normal,0
25,2024-01-06,0.0,normal,0
25,2024-01-07,0.0,normal,0
25,2024-01-08,0.0,normal,0
25,2024-01-09,0.0,normal,0
25,2024-01-10,0.0,normal,0
25,2024-01-11,1.62,tiny_amount,1
25,2024-01-12,0.0,normal,0
25,2024-01-13,0.0,normal,0
25,2024-01-14,0.0,normal,0
25,2024-01-15,0.0,normal,0
25,2024-01-16,0.0,normal,0
25,2024-01-17,0.0,normal,0
25,2024-01-18,0.0,normal,0
25,2024-01-19,0.0,normal,0
25,2024-01-20,0.0,unusual_zero,1
25,2024-01-21,0.0,normal,0
25,2024-01-22,0.0,normal,0
25,2024-01-23,0.0,normal,0
25,2024-01-24,0.0,normal,0
25,2024-01-25,0.0,normal,0
25,2024-01-26,51.66,normal,0
25,2024-01-27,19.81,normal,0
25,2024-01-28,28.39,normal,0
25,2024-01-29,19.48,normal,0
25,2024-01-30,0.0,normal,0
26,2024-01-01,0.0,normal,0
26,2024-01-02,40.83,normal,0
26,2024-01-03,0.0,normal,0
26,2024-01-04,18.47,normal,0
26,2024-01-05,0.0,normal,0
26,2024-01-06,0.0,normal,0
26,2024-01-07,0.0,normal,0
26,2024-01-08,0.0,normal,0
26,2024-01-09,0.0,normal,0
26,2024-01-10,0.0,normal,0
26,2024-01-11,0.0,normal,0
26,2024-01-12,0.0,normal,0
26,2024-01-13,47.71,normal,0
26,2024-01-14,76.8,normal,0
26,2024-01-15,85.35,normal,0
26,2024-01-16,0.0,normal,0
26,2024-01-17,0.0,normal,0
26,2024-01-18,0.0,normal,0
26,2024-01-19,39.12,normal,0
26,2024-01-20,0.0,normal,0
26,2024-01-21,0.0,normal,0
26,2024-01-22,0.0,normal,0
26,2024-01-23,0.0,normal,0
26,2024-01-24,65.39,normal,0
26,2024-01-25,0.0,normal,0
26,2024-01-26,13.44,normal,0
26,2024-01-27,0.0,normal,0
26,2024-01-28,58.39,normal,0
26,2024-01-29,0.0,normal,0
26,2024-01-30,0.0,normal,0
27,2024-01-01,0.0,normal,0
27,2024-01-02,0.0,normal,0
27,2024-01-03,11.68,normal,0
27,2024-01-04,0.0,normal,0
27,2024-01-05,13.31,normal,0
27,2024-01-06,0.0,normal,0
27,2024-01-07,0.0,normal,0
27,2024-01-08,114.81,normal,0
27,2024-01-09,0.0,normal,0
27,2024-01-10,0.0,normal,0
27,2024-01-11,462.03,normal,0
27,2024-01-12,6.21,normal,0
27,2024-01-13,0.0,normal,0
27,2024-01-14,0.0,normal,0
27,2024-01-15,0.0,normal,0
27,2024-01-16,0.0,normal,0
27,2024-01-17,0.0,normal,0
27,2024-01-18,17.45,normal,0
27,2024-01-19,0.0,normal,0
27,2024-01-20,0.0,normal,0
27,2024-01-21,0.0,normal,0
27,2024-01-22,0.0,normal,0
27,2024-01-23,13.76,normal,0
27,2024-01-24,0.0,normal,0
27,2024-01-25,0.0,normal,0
27,2024-01-26,0.0,normal,0
27,2024-01-27,78.64,normal,0
27,2024-01-28,0.0,normal,0
27,2024-01-29,54.28,normal,0
27,2024-01-30,0.0,normal,0
28,2024-01-01,0.0,normal,0
28,2024-01-02,0.0,normal,0
28,2024-01-03,0.0,normal,0
28,2024-01-04,9.14,normal,0
28,2024-01-05,0.0,normal,0
28,2024-01-06,0.0,normal,0
28,2024-01-07,0.0,normal,0
28,2024-01-08,0.0,normal,0
28,2024-01-09,0.0,normal,0
28,2024-01-10,0.0,normal,0
28,2024-01-11,297.49,normal,0
28,2024-01-12,0.0,normal,0
28,2024-01-13,0.0,normal,0
28,2024-01-14,10.22,normal,0
28,2024-01-15,0.0,normal,0
28,2024-01-16,0.0,normal,0
28,2024-01-17,21.14,normal,0
28,2024-01-18,0.0,normal,0
28,2024-01-19,0.0,normal,0
28,2024-01-20,0.0,normal,0
28,2024-01-21,0.0,normal,0
28,2024-01-22,0.0,normal,0
28,2024-01-23,82.7,normal,0
28,2024-01-24,22.93,normal,0
28,2024-01-25,70.32,normal,0
28,2024-01-26,0.0,normal,0
28,2024-01-27,0.0,normal,0
28,2024-01-28,97.2,normal,0
28,2024-01-29,412.66,normal,0
28,2024-01-30,0.0,normal,0
29,2024-01-01,0.0,normal,0
29,2024-01-02,0.0,normal,0
29,2024-01-03,0.0,normal,0
29,2024-01-04,0.0,normal,0
29,2024-01-05,0.0,normal,0
29,2024-01-06,0.0,normal,0
29,2024-01-07,0.0,normal,0
29,2024-01-08,82.15,normal,0
29,2024-01-09,0.0,normal,0
29,2024-01-10,12.27,normal,0
29,2024-01-11,9.04,normal,0
29,2024-01-12,25.49,normal,0
29,2024-01-13,10.74,normal,0
29,2024-01-14,0.0,normal,0
29,2024-01-15,0.0,normal,0
29,2024-01-16,17.59,normal,0
29,2024-01-17,0.0,normal,0
29,2024-01-18,20.74,normal,0
29,2024-01-19,0.0,normal,0
29,2024-01-20,0.0,normal,0
29,2024-01-21,96.39,normal,0
29,2024-01-22,0.0,normal,0
29,2024-01-23,0.0,normal,0
29,2024-01-24,20.4,normal,0
29,2024-01-25,6.39,normal,0
29,2024-01-26,0.0,normal,0
29,2024-01-27,0.0,normal,0
29,2024-01-28,12.87,normal,0
29,2024-01-29,0.0,normal,0
29,2024-01-30,16.49,normal,0
30,2024-01-01,90.69,normal,0
30,2024-01-02,22.72,normal,0
30,2024-01-03,79.12,normal,0
30,2024-01-04,0.0,normal,0
30,2024-01-05,0.0,normal,0
30,2024-01-06,344.16,normal,0
30,2024-01-07,0.0,normal,0
30,2024-01-08,0.0,normal,0
30,2024-01-09,0.0,normal,0
30,2024-01-10,71.36,normal,0
30,2024-01-11,0.0,normal,0
30,2024-01-12,0.0,normal,0
30,2024-01-13,83.16,normal,0
30,2024-01-14,15.75,normal,0
30,2024-01-15,0.0,normal,0
30,2024-01-16,64.04,normal,0
30,2024-01-17,0.0,normal,0
30,2024-01-18,0.0,normal,0
30,2024-01-19,0.0,normal,0
30,2024-01-20,0.0,normal,0
30,2024-01-21,0.0,normal,0
30,2024-01-22,0.0,normal,0
30,2024-01-23,0.0,normal,0
30,2024-01-24,10.17,normal,0
30,2024-01-25,13.45,normal,0
30,2024-01-26,0.0,normal,0
30,2024-01-27,44.48,normal,0
30,2024-01-28,0.0,normal,0
30,2024-01-29,0.0,normal,0
30,2024-01-30,279.49,normal,0
31,2024-01-01,0.0,normal,0
31,2024-01-02,0.0,normal,0
31,2024-01-03,0.0,normal,0
31,2024-01-04,19.29,normal,0
31,2024-01-05,88.34,normal,0
31,2024-01-06,0.0,normal,0
31,2024-01-07,0.0,normal,0
31,2024-01-08,0.0,normal,0
31,2024-01-09,7.8,normal,0
31,2024-01-10,0.0,normal,0
31,2024-01-11,15.33,normal,0
31,2024-01-12,0.0,normal,0
31,2024-01-13,7.93,normal,0
31,2024-01-14,0.0,normal,0
31,2024-01-15,0.0,normal,0
31,2024-01-16,0.0,normal,0
31,2024-01-17,0.0,normal,0
31,2024-01-18,0.0,normal,0
31,2024-01-19,0.0,normal,0
31,2024-01-20,0.0,normal,0
31,2024-01-21,0.0,normal,0
31,2024-01-22,0.0,normal,0
31,2024-01-23,0.0,normal,0
31,2024-01-24,68.82,normal,0
31,2024-01-25,0.0,normal,0
31,2024-01-26,96.09,normal,0
31,2024-01-27,8.26,normal,0
31,2024-01-28,0.0,normal,0
31,2024-01-29,0.0,normal,0
31,2024-01-30,0.0,normal,0
32,2024-01-01,0.0,normal,0
32,2024-01-02,0.0,normal,0
32,2024-01-03,0.0,normal,0
32,2024-01-04,0.0,normal,0
32,2024-01-05,0.0,normal,0
32,2024-01-06,0.0,normal,0
32,2024-01-07,0.0,normal,0
32,2024-01-08,22.05,normal,0
32,2024-01-09,0.0,normal,0
32,2024-01-10,0.0,normal,0
32,2024-01-11,0.0,normal,0
32,2024-01-12,0.0,normal,0
32,2024-01-13,0.0,normal,0
32,2024-01-14,0.0,normal,0
32,2024-01-15,0.0,normal,0
32,2024-01-16,0.0,normal,0
32,2024-01-17,0.0,normal,0
32,2024-01-18,0.0,normal,0
32,2024-01-19,23.74,normal,0
32,2024-01-20,0.0,normal,0
32,2024-01-21,0.0,normal,0
32,2024-01-22,0.0,normal,0
32,2024-01-23,15.95,normal,0
32,2024-01-24,0.0,normal,0
32,2024-01-25,0.0,normal,0
32,2024-01-26,0.0,normal,0
32,2024-01-27,0.0,normal,0
32,2024-01-28,0.0,normal,0
32,2024-01-29,0.0,normal,0
32,2024-01-30,0.0,normal,0
33,2024-01-01,7.77,normal,0
33,2024-01-02,0.0,normal,0
33,2024-01-03,36.17,normal,0
33,2024-01-04,17.5,normal,0
33,2024-01-05,0.0,normal,0
33,2024-01-06,0.0,normal,0
33,2024-01-07,5.92,normal,0
33,2024-01-08,0.0,normal,0
33,2024-01-09,0.0,normal,0
33,2024-01-10,0.0,normal,0
33,2024-01-11,0.0,normal,0
33,2024-01-12,0.0,normal,0
33,2024-01-13,0.0,normal,0
33,2024-01-14,0.0,normal,0
33,2024-01-15,17.9,normal,0
33,2024-01-16,0.0,normal,0
33,2024-01-17,0.0,normal,0
33,2024-01-18,20.15,normal,0
33,2024-01-19,20.01,normal,0
33,2024-01-20,0.0,normal,0
33,2024-01-21,0.0,normal,0
33,2024-01-22,0.0,normal,0
33,2024-01-23,0.0,normal,0
33,2024-01-24,9.12,normal,0
33,2024-01-25,68.47,normal,0
33,2024-01-26,0.0,normal,0
33,2024-01-27,0.0,normal,0
33,2024-01-28,0.0,normal,0
33,2024-01-29,0.0,normal,0
33,2024-01-30,0.0,normal,0
34,2024-01-01,0.0,normal,0
34,2024-01-02,0.0,normal,0
34,2024-01-03,0.0,normal,0
34,2024-01-04,0.0,normal,0
34,2024-01-05,0.0,normal,0
34,2024-01-06,0.0,normal,0
34,2024-01-07,10.71,normal,0
34,2024-01-08,0.0,normal,0
34,2024-01-09,24.04,normal,0
34,2024-01-10,0.0,normal,0
34,2024-01-11,0.0,normal,0
34,2024-01-12,19.27,normal,0
34,2024-01-13,0.0,normal,0
34,2024-01-14,0.0,normal,0
34,2024-01-15,0.0,normal,0
34,2024-01-16,23.83,normal,0
34,2024-01-17,9.79,normal,0
34,2024-01-18,0.0,normal,0
34,2024-01-19,0.0,normal,0
34,2024-01-20,0.0,normal,0
34,2024-01-21,0.0,normal,0
34,2024-01-22,11.37,normal,0
34,2024-01-23,0.0,normal,0
34,2024-01-24,0.0,normal,0
34,2024-01-25,0.0,normal,0
34,2024-01-26,0.0,normal,0
34,2024-01-27,16.08,normal,0
34,2024-01-28,0.0,normal,0
34,2024-01-29,0.0,normal,0
34,2024-01-30,34.42,normal,0
35,2024-01-01,0.0,normal,0
35,2024-01-02,20.66,normal,0
35,2024-01-03,0.0,normal,0
35,2024-01-04,0.0,normal,0
35,2024-01-05,0.0,normal,0
35,2024-01-06,0.0,normal,0
35,2024-01-07,322.06,normal,0
35,2024-01-08,0.0,normal,0
35,2024-01-09,348.29,normal,0
35,2024-01-10,0.0,normal,0
35,2024-01-11,0.0,normal,0
35,2024-01-12,0.0,normal,0
35,2024-01-13,10.02,normal,0
35,2024-01-14,0.0,normal,0
35,2024-01-15,40.96,normal,0
35,2024-01-16,8.23,normal,0
35,2024-01-17,0.0,normal,0
35,2024-01-18,0.0,normal,0
35,2024-01-19,0.0,normal,0
35,2024-01-20,0.0,normal,0
35,2024-01-21,99.91,normal,0
35,2024-01-22,15.1,normal,0
35,2024-01-23,95.91,normal,0
35,2024-01-24,0.0,normal,0
35,2024-01-25,45.48,normal,0
35,2024-01-26,0.0,normal,0
35,2024-01-27,0.0,normal,0
35,2024-01-28,0.0,normal,0
35,2024-01-29,23.28,normal,0
35,2024-01-30,0.0,normal,0
36,2024-01-01,0.0,normal,0
36,2024-01-02,0.0,normal,0
36,2024-01-03,0.0,normal,0
36,2024-01-04,0.0,normal,0
36,2024-01-05,0.0,normal,0
36,2024-01-06,0.0,normal,0
36,2024-01-07,0.0,normal,0
36,2024-01-08,0.0,normal,0
36,2024-01-09,0.0,normal,0
36,2024-01-10,65.4,normal,0
36,2024-01-11,58.39,normal,0
36,2024-01-12,0.0,normal,0
36,2024-01-13,17.03,normal,0
36,2024-01-14,0.0,normal,0
36,2024-01-15,98.78,normal,0
36,2024-01-16,0.0,normal,0
36,2024-01-17,0.0,normal,0
36,2024-01-18,0.0,normal,0
36,2024-01-19,0.0,normal,0
36,2024-01-20,76.04,normal,0
36,2024-01-21,21.33,normal,0
36,2024-01-22,0.0,normal,0
36,2024-01-23,24.6,normal,0
36,2024-01-24,14.86,normal,0
36,2024-01-25,25.54,normal,0
36,2024-01-26,33.32,normal,0
36,2024-01-27,0.0,normal,0
36,2024-01-28,0.0,normal,0
36,2024-01-29,0.0,normal,0
36,2024-01-30,0.0,normal,0
37,2024-01-01,0.0,normal,0
37,2024-01-02,0.0,normal,0
37,2024-01-03,0.0,normal,0
37,2024-01-04,0.0,normal,0
37,2024-01-05,23.67,normal,0
37,2024-01-06,79.67,normal,0
37,2024-01-07,0.0,normal,0
37,2024-01-08,24.4,normal,0
37,2024-01-09,0.0,normal,0
37,2024-01-10,0.0,normal,0
37,2024-01-11,0.0,normal,0
37,2024-01-12,13.54,normal,0
37,2024-01-13,0.0,normal,0
37,2024-01-14,0.0,normal,0
37,2024-01-15,21.89,normal,0
37,2024-01-16,0.0,normal,0
37,2024-01-17,0.0,normal,0
37,2024-01-18,0.0,normal,0
37,2024-01-19,0.0,normal,0
37,2024-01-20,0.0,normal,0
37,2024-01-21,0.0,normal,0
37,2024-01-22,23.37,normal,0
37,2024-01-23,0.0,normal,0
37,2024-01-24,0.0,normal,0
37,2024-01-25,0.0,normal,0
37,2024-01-26,0.0,normal,0
37,2024-01-27,99.27,normal,0
37,2024-01-28,0.0,normal,0
37,2024-01-29,0.0,normal,0
37,2024-01-30,178.75,normal,0
38,2024-01-01,0.0,normal,0
38,2024-01-02,0.0,normal,0
38,2024-01-03,0.0,normal,0
38,2024-01-04,0.0,normal,0
38,2024-01-05,0.0,normal,0
38,2024-01-06,436.2,normal,0
38,2024-01-07,0.0,normal,0
38,2024-01-08,0.0,normal,0
38,2024-01-09,86.62,normal,0
38,2024-01-10,0.0,normal,0
38,2024-01-11,0.0,normal,0
38,2024-01-12,0.0,normal,0
38,2024-01-13,0.0,normal,0
38,2024-01-14,0.0,normal,0
38,2024-01-15,0.0,normal,0
38,2024-01-16,0.0,normal,0
38,2024-01-17,0.0,normal,0
38,2024-01-18,250.96,normal,0
38,2024-01-19,83.7,normal,0
38,2024-01-20,0.0,normal,0
38,2024-01-21,17.21,normal,0
38,2024-01-22,0.0,normal,0
38,2024-01-23,0.0,normal,0
38,2024-01-24,0.0,normal,0
38,2024-01-25,0.0,normal,0
38,2024-01-26,17.35,normal,0
38,2024-01-27,0.0,normal,0
38,2024-01-28,71.8,normal,0
38,2024-01-29,0.0,normal,0
38,2024-01-30,0.0,normal,0
39,2024-01-01,0.0,normal,0
39,2024-01-02,0.0,normal,0
39,2024-01-03,0.0,normal,0
39,2024-01-04,0.0,normal,0
39,2024-01-05,0.0,normal,0
39,2024-01-06,0.0,normal,0
39,2024-01-07,0.0,normal,0
39,2024-01-08,0.0,normal,0
39,2024-01-09,0.0,normal,0
39,2024-01-10,21.82,normal,0
39,2024-01-11,15.18,normal,0
39,2024-01-12,0.0,normal,0
39,2024-01-13,0.0,normal,0
39,2024-01-14,0.0,normal,0
39,2024-01-15,0.0,normal,0
39,2024-01-16,0.0,normal,0
39,2024-01-17,0.0,normal,0
39,2024-01-18,0.0,normal,0
39,2024-01-19,0.0,normal,0
39,2024-01-20,0.0,normal,0
39,2024-01-21,0.0,normal,0
39,2024-01-22,0.0,normal,0
39,2024-01-23,0.0,normal,0
39,2024-01-24,0.0,normal,0
39,2024-01-25,0.0,normal,0
39,2024-01-26,0.0,normal,0
39,2024-01-27,0.0,normal,0
39,2024-01-28,0.0,normal,0
39,2024-01-29,18.15,normal,0
39,2024-01-30,0.0,normal,0
40,2024-01-01,0.0,normal,0
40,2024-01-02,317.24,high_frequency,1
40,2024-01-03,50.62,normal,0
40,2024-01-04,0.0,normal,0
40,2024-01-05,0.0,normal,0
40,2024-01-06,0.0,normal,0
40,2024-01-07,0.0,normal,0
40,2024-01-08,0.0,normal,0
40,2024-01-09,9.39,normal,0
40,2024-01-10,0.0,unusual_zero,1
40,2024-01-11,0.0,normal,0
40,2024-01-12,0.0,normal,0
40,2024-01-13,53.19,normal,0
40,2024-01-14,5.2,normal,0
40,2024-01-15,0.0,normal,0
40,2024-01-16,0.4,tiny_amount,1
40,2024-01-17,5.59,normal,0
40,2024-01-18,0.0,normal,0
40,2024-01-19,16.09,normal,0
40,2024-01-20,0.0,normal,0
40,2024-01-21,18.55,normal,0
40,2024-01-22,23.72,normal,0
40,2024-01-23,0.0,normal,0
40,2024-01-24,0.0,normal,0
40,2024-01-25,452.67,normal,0
40,2024-01-26,0.0,normal,0
40,2024-01-27,0.0,unusual_zero,1
40,2024-01-28,0.0,normal,0
40,2024-01-29,0.0,normal,0
40,2024-01-30,5.92,normal,0
41,2024-01-01,0.0,normal,0
41,2024-01-02,0.0,normal,0
41,2024-01-03,6.07,normal,0
41,2024-01-04,88.86,normal,0
41,2024-01-05,40.69,normal,0
41,2024-01-06,0.0,normal,0
41,2024-01-07,0.0,normal,0
41,2024-01-08,0.0,normal,0
41,2024-01-09,0.0,normal,0
41,2024-01-10,0.0,normal,0
41,2024-01-11,63.19,normal,0
41,2024-01-12,0.0,normal,0
41,2024-01-13,0.0,normal,0
41,2024-01-14,0.0,normal,0
41,2024-01-15,0.0,normal,0
41,2024-01-16,0.0,normal,0
41,2024-01-17,10.37,normal,0
41,2024-01-18,0.0,normal,0
41,2024-01-19,5.73,normal,0
41,2024-01-20,0.0,normal,0
41,2024-01-21,0.0,normal,0
41,2024-01-22,11.12,normal,0
41,2024-01-23,23.71,normal,0
41,2024-01-24,0.0,normal,0
41,2024-01-25,0.0,normal,0
41,2024-01-26,0.0,normal,0
41,2024-01-27,0.0,normal,0
41,2024-01-28,0.0,normal,0
41,2024-01-29,0.0,normal,0
41,2024-01-30,0.0,normal,0
42,2024-01-01,0.0,normal,0
42,2024-01-02,0.0,normal,0
42,2024-01-03,0.0,normal,0
42,2024-01-04,0.0,normal,0
42,2024-01-05,12.65,normal,0
42,2024-01-06,0.0,normal,0
42,2024-01-07,0.0,normal,0
42,2024-01-08,0.0,normal,0
42,2024-01-09,0.0,normal,0
42,2024-01-10,0.0,normal,0
42,2024-01-11,17.87,normal,0
42,2024-01-12,139.36,normal,0
42,2024-01-13,0.0,normal,0
42,2024-01-14,0.0,normal,0
42,2024-01-15,0.0,normal,0
42,2024-01-16,0.0,normal,0
42,2024-01-17,0.0,normal,0
42,2024-01-18,0.0,normal,0
42,2024-01-19,45.58,normal,0
42,2024-01-20,499.36,normal,0
42,2024-01-21,93.43,normal,0
42,2024-01-22,0.0,normal,0
42,2024-01-23,0.0,normal,0
42,2024-01-24,55.29,normal,0
42,2024-01-25,0.0,normal,0
42,2024-01-26,0.0,normal,0
42,2024-01-27,0.0,normal,0
42,2024-01-28,0.0,normal,0
42,2024-01-29,0.0,normal,0
42,2024-01-30,12.95,normal,0
43,2024-01-01,0.0,normal,0
43,2024-01-02,79.19,normal,0
43,2024-01-03,8.76,normal,0
43,2024-01-04,0.0,normal,0
43,2024-01-05,0.0,normal,0
43,2024-01-06,0.0,normal,0
43,2024-01-07,0.0,normal,0
43,2024-01-08,0.0,normal,0
43,2024-01-09,13.38,normal,0
43,2024-01-10,0.0,normal,0
43,2024-01-11,0.0,normal,0
43,2024-01-12,0.0,normal,0
43,2024-01-13,24.05,normal,0
43,2024-01-14,0.0,normal,0
43,2024-01-15,0.0,normal,0
43,2024-01-16,12.81,normal,0
43,2024-01-17,0.0,normal,0
43,2024-01-18,1.28,tiny_amount,1
43,2024-01-19,0.0,normal,0
43,2024-01-20,0.0,normal,0
43,2024-01-21,0.0,normal,0
43,2024-01-22,0.0,unusual_zero,1
43,2024-01-23,0.57,tiny_amount,1
43,2024-01-24,0.0,normal,0
43,2024-01-25,2474.61,spike,1
43,2024-01-26,715.82,high_frequency,1
43,2024-01-27,0.0,normal,0
43,2024-01-28,0.96,tiny_amount,1
43,2024-01-29,0.0,unusual_zero,1
43,2024-01-30,0.0,unusual_zero,1
44,2024-01-01,36.91,normal,0
44,2024-01-02,0.0,normal,0
44,2024-01-03,0.0,normal,0
44,2024-01-04,0.0,normal,0
44,2024-01-05,9.03,normal,0
44,2024-01-06,21.49,normal,0
44,2024-01-07,0.0,normal,0
44,2024-01-08,0.0,normal,0
44,2024-01-09,0.0,normal,0
44,2024-01-10,0.0,normal,0
44,2024-01-11,0.0,normal,0
44,2024-01-12,0.0,normal,0
44,2024-01-13,0.0,normal,0
44,2024-01-14,0.0,normal,0
44,2024-01-15,0.0,normal,0
44,2024-01-16,21.85,normal,0
44,2024-01-17,21.47,normal,0
44,2024-01-18,8.59,normal,0
44,2024-01-19,0.0,normal,0
44,2024-01-20,0.0,normal,0
44,2024-01-21,0.0,normal,0
44,2024-01-22,0.0,normal,0
44,2024-01-23,0.0,normal,0
44,2024-01-24,0.0,normal,0
44,2024-01-25,0.0,normal,0
44,2024-01-26,0.0,normal,0
44,2024-01-27,22.65,normal,0
44,2024-01-28,0.0,normal,0
44,2024-01-29,0.0,normal,0
44,2024-01-30,0.0,normal,0
45,2024-01-01,264.51,normal,0
45,2024-01-02,12.37,normal,0
45,2024-01-03,20.59,normal,0
45,2024-01-04,0.0,normal,0
45,2024-01-05,0.0,normal,0
45,2024-01-06,0.0,normal,0
45,2024-01-07,0.0,normal,0
45,2024-01-08,0.0,normal,0
45,2024-01-09,0.0,normal,0
45,2024-01-10,0.0,normal,0
45,2024-01-11,0.0,normal,0
45,2024-01-12,0.0,normal,0
45,2024-01-13,0.0,normal,0
45,2024-01-14,0.0,normal,0
45,2024-01-15,0.0,normal,0
45,2024-01-16,0.0,normal,0
45,2024-01-17,18.41,normal,0
45,2024-01-18,0.0,normal,0
45,2024-01-19,0.0,normal,0
45,2024-01-20,0.0,normal,0
45,2024-01-21,0.0,normal,0
45,2024-01-22,14.42,normal,0
45,2024-01-23,0.0,normal,0
45,2024-01-24,0.0,normal,0
45,2024-01-25,38.29,normal,0
45,2024-01-26,0.0,normal,0
45,2024-01-27,18.43,normal,0
45,2024-01-28,0.0,normal,0
45,2024-01-29,0.0,normal,0
45,2024-01-30,0.0,normal,0
46,2024-01-01,13.84,normal,0
46,2024-01-02,2562.47,spike,1
46,2024-01-03,0.0,normal,0
46,2024-01-04,1.54,tiny_amount,1
46,2024-01-05,0.0,normal,0
46,2024-01-06,0.0,normal,0
46,2024-01-07,8.84,normal,0
46,2024-01-08,0.0,normal,0
46,2024-01-09,37.59,normal,0
46,2024-01-10,0.0,normal,0
46,2024-01-11,393.61,high_frequency,1
46,2024-01-12,0.0,normal,0
46,2024-01-13,0.0,normal,0
46,2024-01-14,0.0,normal,0
46,2024-01-15,304.17,high_frequency,1
46,2024-01-16,0.0,normal,0
46,2024-01-17,0.0,normal,0
46,2024-01-18,589.97,high_frequency,1
46,2024-01-19,0.0,normal,0
46,2024-01-20,0.0,normal,0
46,2024-01-21,15.72,normal,0
46,2024-01-22,24.18,normal,0
46,2024-01-23,75.84,normal,0
46,2024-01-24,0.0,normal,0
46,2024-01-25,0.0,normal,0
46,2024-01-26,0.0,normal,0
46,2024-01-27,0.0,normal,0
46,2024-01-28,0.0,normal,0
46,2024-01-29,0.0,normal,0
46,2024-01-30,0.0,normal,0
47,2024-01-01,17.33,normal,0
47,2024-01-02,19.76,normal,0
47,2024-01-03,29.49,normal,0
47,2024-01-04,0.0,normal,0
47,2024-01-05,0.0,normal,0
47,2024-01-06,0.0,normal,0
47,2024-01-07,0.0,normal,0
47,2024-01-08,0.0,normal,0
47,2024-01-09,23.92,normal,0
47,2024-01-10,10.56,normal,0
47,2024-01-11,0.0,normal,0
47,2024-01-12,24.55,normal,0
47,2024-01-13,0.0,normal,0
47,2024-01-14,0.0,normal,0
47,2024-01-15,0.0,normal,0
47,2024-01-16,9.84,normal,0
47,2024-01-17,0.0,normal,0
47,2024-01-18,43.63,normal,0
47,2024-01-19,0.0,normal,0
47,2024-01-20,53.61,normal,0
47,2024-01-21,0.0,normal,0
47,2024-01-22,0.0,normal,0
47,2024-01-23,0.0,normal,0
47,2024-01-24,8.85,normal,0
47,2024-01-25,0.0,normal,0
47,2024-01-26,0.0,normal,0
47,2024-01-27,0.0,normal,0
47,2024-01-28,0.0,normal,0
47,2024-01-29,0.0,normal,0
47,2024-01-30,194.52,normal,0
48,2024-01-01,0.0,normal,0
48,2024-01-02,0.0,normal,0
48,2024-01-03,0.0,normal,0
48,2024-01-04,0.0,normal,0
48,2024-01-05,0.0,normal,0
48,2024-01-06,0.0,normal,0
48,2024-01-07,0.0,normal,0
48,2024-01-08,0.0,normal,0
48,2024-01-09,86.47,normal,0
48,2024-01-10,0.0,normal,0
48,2024-01-11,94.11,normal,0
48,2024-01-12,0.0,normal,0
48,2024-01-13,0.0,normal,0
48,2024-01-14,0.0,normal,0
48,2024-01-15,0.0,normal,0
48,2024-01-16,0.0,unusual_zero,1
48,2024-01-17,0.0,normal,0
48,2024-01-18,0.0,normal,0
48,2024-01-19,13.09,normal,0
48,2024-01-20,0.0,normal,0
48,2024-01-21,0.0,normal,0
48,2024-01-22,22.7,normal,0
48,2024-01-23,0.0,normal,0
48,2024-01-24,0.0,normal,0
48,2024-01-25,81.37,normal,0
48,2024-01-26,52.61,normal,0
48,2024-01-27,1.85,tiny_amount,1
48,2024-01-28,0.0,normal,0
48,2024-01-29,578.57,high_frequency,1
48,2024-01-30,0.0,normal,0
49,2024-01-01,0.0,normal,0
49,2024-01-02,0.0,normal,0
49,2024-01-03,0.0,normal,0
49,2024-01-04,0.0,normal,0
49,2024-01-05,0.0,normal,0
49,2024-01-06,25.93,normal,0
49,2024-01-07,93.77,normal,0
49,2024-01-08,0.0,normal,0
49,2024-01-09,0.0,normal,0
49,2024-01-10,8.78,normal,0
49,2024-01-11,0.0,normal,0
49,2024-01-12,11.04,normal,0
49,2024-01-13,53.71,normal,0
49,2024-01-14,0.0,normal,0
49,2024-01-15,0.0,normal,0
49,2024-01-16,31.67,normal,0
49,2024-01-17,0.0,normal,0
49,2024-01-18,7.85,normal,0
49,2024-01-19,259.19,normal,0
49,2024-01-20,0.0,normal,0
49,2024-01-21,25.12,normal,0
49,2024-01-22,0.0,normal,0
49,2024-01-23,0.0,normal,0
49,2024-01-24,0.0,normal,0
49,2024-01-25,0.0,normal,0
49,2024-01-26,12.49,normal,0
49,2024-01-27,8.64,normal,0
49,2024-01-28,21.29,normal,0
49,2024-01-29,0.0,normal,0
49,2024-01-30,0.0,normal,0
50,2024-01-01,0.0,normal,0
50,2024-01-02,0.0,normal,0
50,2024-01-03,0.0,normal,0
50,2024-01-04,0.0,normal,0
50,2024-01-05,0.0,normal,0
50,2024-01-06,0.0,normal,0
50,2024-01-07,0.0,normal,0
50,2024-01-08,0.0,normal,0
50,2024-01-09,3661.29,spike,1
50,2024-01-10,0.0,normal,0
50,2024-01-11,15.4,normal,0
50,2024-01-12,0.0,normal,0
50,2024-01-13,50.24,normal,0
50,2024-01-14,0.0,normal,0
50,2024-01-15,0.0,normal,0
50,2024-01-16,0.0,normal,0
50,2024-01-17,85.47,normal,0
50,2024-01-18,1.45,tiny_amount,1
50,2024-01-19,0.0,normal,0
50,2024-01-20,18.99,normal,0
50,2024-01-21,0.0,normal,0
50,2024-01-22,0.0,normal,0
50,2024-01-23,0.0,normal,0
50,2024-01-24,425.05,normal,0
50,2024-01-25,724.06,high_frequency,1
50,2024-01-26,42.52,normal,0
50,2024-01-27,51.13,normal,0
50,2024-01-28,18.17,normal,0
50,2024-01-29,0.0,normal,0
50,2024-01-30,0.0,normal,0
